{
    "DCIS_1": {
        "precision": 0.2823529411764706,
        "recall": 0.29850746268656714,
        "f1-score": 0.29020556227327693,
        "support": 402.0
    },
    "DCIS_2": {
        "precision": 0.29873417721518986,
        "recall": 0.29207920792079206,
        "f1-score": 0.295369211514393,
        "support": 404.0
    },
    "Invasive_Tumor": {
        "precision": 0.27851458885941643,
        "recall": 0.26054590570719605,
        "f1-score": 0.2692307692307692,
        "support": 403.0
    },
    "Prolif_Invasive_Tumor": {
        "precision": 0.3415233415233415,
        "recall": 0.3518987341772152,
        "f1-score": 0.34663341645885287,
        "support": 395.0
    },
    "accuracy": 0.300498753117207,
    "macro avg": {
        "precision": 0.3002812621936046,
        "recall": 0.3007578276229426,
        "f1-score": 0.300359739869323,
        "support": 1604.0
    },
    "weighted avg": {
        "precision": 0.30008577877801906,
        "recall": 0.300498753117207,
        "f1-score": 0.30013216769758044,
        "support": 1604.0
    }
}