{
    "DCIS_1": {
        "precision": 0.44204463642908565,
        "recall": 0.6180171112229492,
        "f1-score": 0.5154249737670514,
        "support": 1987.0
    },
    "DCIS_2": {
        "precision": 0.3365706630944407,
        "recall": 0.5073195355880868,
        "f1-score": 0.4046708274612442,
        "support": 1981.0
    },
    "Invasive_Tumor": {
        "precision": 0.32967032967032966,
        "recall": 0.014970059880239521,
        "f1-score": 0.028639618138424822,
        "support": 2004.0
    },
    "Prolif_Invasive_Tumor": {
        "precision": 0.381288199341796,
        "recall": 0.4034825870646766,
        "f1-score": 0.39207154943195555,
        "support": 2010.0
    },
    "accuracy": 0.38511651215234277,
    "macro avg": {
        "precision": 0.37239345713391303,
        "recall": 0.3859473234389881,
        "f1-score": 0.33520174219966903,
        "support": 7982.0
    },
    "weighted avg": {
        "precision": 0.37235502349173527,
        "recall": 0.38511651215234277,
        "f1-score": 0.33466047872506766,
        "support": 7982.0
    }
}