{
    "DCIS_1": {
        "precision": 0.8199214916584887,
        "recall": 0.8296921549155909,
        "f1-score": 0.8247778874629812,
        "support": 2014.0
    },
    "DCIS_2": {
        "precision": 0.7529532614278377,
        "recall": 0.74077817079333,
        "f1-score": 0.7468160978094753,
        "support": 1979.0
    },
    "Invasive_Tumor": {
        "precision": 0.5874041178845377,
        "recall": 0.7289579158316634,
        "f1-score": 0.6505700871898055,
        "support": 1996.0
    },
    "Prolif_Invasive_Tumor": {
        "precision": 0.7424441524310118,
        "recall": 0.5664160401002506,
        "f1-score": 0.642593119135627,
        "support": 1995.0
    },
    "accuracy": 0.7166833667334669,
    "macro avg": {
        "precision": 0.725680755850469,
        "recall": 0.7164610704102087,
        "f1-score": 0.7161892978994723,
        "support": 7984.0
    },
    "weighted avg": {
        "precision": 0.7258330526006129,
        "recall": 0.7166833667334669,
        "f1-score": 0.716378117437603,
        "support": 7984.0
    }
}