{
    "DCIS_1": {
        "precision": 0.30205949656750575,
        "recall": 0.33249370277078083,
        "f1-score": 0.31654676258992803,
        "support": 397.0
    },
    "DCIS_2": {
        "precision": 0.26570048309178745,
        "recall": 0.2777777777777778,
        "f1-score": 0.2716049382716049,
        "support": 396.0
    },
    "Invasive_Tumor": {
        "precision": 0.30025445292620867,
        "recall": 0.2942643391521197,
        "f1-score": 0.2972292191435768,
        "support": 401.0
    },
    "Prolif_Invasive_Tumor": {
        "precision": 0.29545454545454547,
        "recall": 0.25870646766169153,
        "f1-score": 0.27586206896551724,
        "support": 402.0
    },
    "accuracy": 0.2907268170426065,
    "macro avg": {
        "precision": 0.29086724451001184,
        "recall": 0.29081057184059245,
        "f1-score": 0.2903107472426567,
        "support": 1596.0
    },
    "weighted avg": {
        "precision": 0.2909209112392134,
        "recall": 0.2907268170426065,
        "f1-score": 0.2902945419200935,
        "support": 1596.0
    }
}