{
    "DCIS_1": {
        "precision": 0.3197424892703863,
        "recall": 0.3743718592964824,
        "f1-score": 0.3449074074074074,
        "support": 398.0
    },
    "DCIS_2": {
        "precision": 0.28534031413612565,
        "recall": 0.2718204488778055,
        "f1-score": 0.2784163473818646,
        "support": 401.0
    },
    "Invasive_Tumor": {
        "precision": 0.27386934673366836,
        "recall": 0.27525252525252525,
        "f1-score": 0.27455919395465994,
        "support": 396.0
    },
    "Prolif_Invasive_Tumor": {
        "precision": 0.31988472622478387,
        "recall": 0.27889447236180903,
        "f1-score": 0.2979865771812081,
        "support": 398.0
    },
    "accuracy": 0.30006277463904585,
    "macro avg": {
        "precision": 0.29970921909124104,
        "recall": 0.30008482644715556,
        "f1-score": 0.298967381481285,
        "support": 1593.0
    },
    "weighted avg": {
        "precision": 0.29971460077978457,
        "recall": 0.30006277463904585,
        "f1-score": 0.2989593232720917,
        "support": 1593.0
    }
}