{
    "DCIS_1": {
        "precision": 0.28878281622911695,
        "recall": 0.3025,
        "f1-score": 0.2954822954822955,
        "support": 400.0
    },
    "DCIS_2": {
        "precision": 0.2885572139303483,
        "recall": 0.2878411910669975,
        "f1-score": 0.28819875776397513,
        "support": 403.0
    },
    "Invasive_Tumor": {
        "precision": 0.2537688442211055,
        "recall": 0.2518703241895262,
        "f1-score": 0.2528160200250313,
        "support": 401.0
    },
    "Prolif_Invasive_Tumor": {
        "precision": 0.29743589743589743,
        "recall": 0.28641975308641976,
        "f1-score": 0.2918238993710692,
        "support": 405.0
    },
    "accuracy": 0.28216283405842135,
    "macro avg": {
        "precision": 0.28213619295411707,
        "recall": 0.28215781708573584,
        "f1-score": 0.28208024316059277,
        "support": 1609.0
    },
    "weighted avg": {
        "precision": 0.2821780787444244,
        "recall": 0.28216283405842135,
        "f1-score": 0.28210374198080845,
        "support": 1609.0
    }
}