{
    "DCIS_1": {
        "precision": 0.525764192139738,
        "recall": 0.5993031358885017,
        "f1-score": 0.560130262851826,
        "support": 2009.0
    },
    "DCIS_2": {
        "precision": 0.4092446448703495,
        "recall": 0.3597621407333994,
        "f1-score": 0.3829113924050633,
        "support": 2018.0
    },
    "Invasive_Tumor": {
        "precision": 0.35923935510541544,
        "recall": 0.4310515873015873,
        "f1-score": 0.3918827508455468,
        "support": 2016.0
    },
    "Prolif_Invasive_Tumor": {
        "precision": 0.4261548471047495,
        "recall": 0.33131006575619626,
        "f1-score": 0.3727945361411497,
        "support": 1977.0
    },
    "accuracy": 0.43067331670822945,
    "macro avg": {
        "precision": 0.4301007598050631,
        "recall": 0.4303567324199212,
        "f1-score": 0.4269297355608965,
        "support": 8020.0
    },
    "weighted avg": {
        "precision": 0.43003125037103573,
        "recall": 0.43067331670822945,
        "f1-score": 0.42706574957586174,
        "support": 8020.0
    }
}