{
    "DCIS_1": {
        "precision": 0.8576271186440678,
        "recall": 0.8912934071464519,
        "f1-score": 0.8741362290227048,
        "support": 1987.0
    },
    "DCIS_2": {
        "precision": 0.8028375733855186,
        "recall": 0.828369510348309,
        "f1-score": 0.8154037267080745,
        "support": 1981.0
    },
    "Invasive_Tumor": {
        "precision": 0.6255645889792232,
        "recall": 0.6911177644710579,
        "f1-score": 0.6567093409198672,
        "support": 2004.0
    },
    "Prolif_Invasive_Tumor": {
        "precision": 0.7239300783604581,
        "recall": 0.5975124378109453,
        "f1-score": 0.6546742981738893,
        "support": 2010.0
    },
    "accuracy": 0.7514407416687547,
    "macro avg": {
        "precision": 0.752489839842317,
        "recall": 0.752073279944191,
        "f1-score": 0.7502308987061339,
        "support": 7982.0
    },
    "weighted avg": {
        "precision": 0.752099375023974,
        "recall": 0.7514407416687547,
        "f1-score": 0.7497073826371513,
        "support": 7982.0
    }
}