{
    "DCIS_1": {
        "precision": 0.28602620087336245,
        "recall": 0.32587064676616917,
        "f1-score": 0.30465116279069765,
        "support": 402.0
    },
    "DCIS_2": {
        "precision": 0.2593516209476309,
        "recall": 0.26262626262626265,
        "f1-score": 0.26097867001254704,
        "support": 396.0
    },
    "Invasive_Tumor": {
        "precision": 0.2283464566929134,
        "recall": 0.21804511278195488,
        "f1-score": 0.2230769230769231,
        "support": 399.0
    },
    "Prolif_Invasive_Tumor": {
        "precision": 0.28370786516853935,
        "recall": 0.2531328320802005,
        "f1-score": 0.2675496688741722,
        "support": 399.0
    },
    "accuracy": 0.2650375939849624,
    "macro avg": {
        "precision": 0.2643580359206115,
        "recall": 0.26491871356364677,
        "f1-score": 0.264064106188585,
        "support": 1596.0
    },
    "weighted avg": {
        "precision": 0.26440817610844186,
        "recall": 0.2650375939849624,
        "f1-score": 0.2641461973404236,
        "support": 1596.0
    }
}