{
    "DCIS_1": {
        "precision": 0.8038763267189664,
        "recall": 0.8701298701298701,
        "f1-score": 0.8356920124730152,
        "support": 2002.0
    },
    "DCIS_2": {
        "precision": 0.7847025495750708,
        "recall": 0.6866633614278632,
        "f1-score": 0.7324167107350608,
        "support": 2017.0
    },
    "Invasive_Tumor": {
        "precision": 0.6010362694300518,
        "recall": 0.6370444333499751,
        "f1-score": 0.6185167232186136,
        "support": 2003.0
    },
    "Prolif_Invasive_Tumor": {
        "precision": 0.6710130391173521,
        "recall": 0.6600888011840158,
        "f1-score": 0.6655060930116886,
        "support": 2027.0
    },
    "accuracy": 0.7132563051310722,
    "macro avg": {
        "precision": 0.7151570462103602,
        "recall": 0.713481616522931,
        "f1-score": 0.7130328848595946,
        "support": 8049.0
    },
    "weighted avg": {
        "precision": 0.7151353617273644,
        "recall": 0.7132563051310722,
        "f1-score": 0.7129096486104074,
        "support": 8049.0
    }
}