{
    "DCIS_1": {
        "precision": 0.27839643652561247,
        "recall": 0.31094527363184077,
        "f1-score": 0.2937720329024677,
        "support": 402.0
    },
    "DCIS_2": {
        "precision": 0.2815533980582524,
        "recall": 0.29292929292929293,
        "f1-score": 0.2871287128712871,
        "support": 396.0
    },
    "Invasive_Tumor": {
        "precision": 0.2972972972972973,
        "recall": 0.3032581453634085,
        "f1-score": 0.3002481389578164,
        "support": 399.0
    },
    "Prolif_Invasive_Tumor": {
        "precision": 0.35365853658536583,
        "recall": 0.2907268170426065,
        "f1-score": 0.31911966987620355,
        "support": 399.0
    },
    "accuracy": 0.29949874686716793,
    "macro avg": {
        "precision": 0.30272641711663206,
        "recall": 0.2994648822417872,
        "f1-score": 0.3000671386519437,
        "support": 1596.0
    },
    "weighted avg": {
        "precision": 0.30272048297841275,
        "recall": 0.29949874686716793,
        "f1-score": 0.30007962609561134,
        "support": 1596.0
    }
}