{
    "DCIS_1": {
        "precision": 0.4627272727272727,
        "recall": 0.7627372627372627,
        "f1-score": 0.5760090531874764,
        "support": 2002.0
    },
    "DCIS_2": {
        "precision": 0.430753027909426,
        "recall": 0.40555280118988596,
        "f1-score": 0.4177732379979571,
        "support": 2017.0
    },
    "Invasive_Tumor": {
        "precision": 0.38358905937291526,
        "recall": 0.2870693959061408,
        "f1-score": 0.32838378069674473,
        "support": 2003.0
    },
    "Prolif_Invasive_Tumor": {
        "precision": 0.46113989637305697,
        "recall": 0.30735076467686234,
        "f1-score": 0.3688573120189461,
        "support": 2027.0
    },
    "accuracy": 0.4401789042117033,
    "macro avg": {
        "precision": 0.43455231409566775,
        "recall": 0.44067755612753795,
        "f1-score": 0.42275584597528104,
        "support": 8049.0
    },
    "weighted avg": {
        "precision": 0.4346214825649705,
        "recall": 0.4401789042117033,
        "f1-score": 0.4225674282173178,
        "support": 8049.0
    }
}