{
    "DCIS_1": {
        "precision": 0.8842001962708538,
        "recall": 0.9000999000999002,
        "f1-score": 0.8920792079207921,
        "support": 2002.0
    },
    "DCIS_2": {
        "precision": 0.8184865900383141,
        "recall": 0.8472979672781359,
        "f1-score": 0.8326431181485993,
        "support": 2017.0
    },
    "Invasive_Tumor": {
        "precision": 0.6347517730496454,
        "recall": 0.7149276085871193,
        "f1-score": 0.6724583235501291,
        "support": 2003.0
    },
    "Prolif_Invasive_Tumor": {
        "precision": 0.7540491901619676,
        "recall": 0.6201282683769117,
        "f1-score": 0.6805630752571737,
        "support": 2027.0
    },
    "accuracy": 0.7702820226115046,
    "macro avg": {
        "precision": 0.7728719373801952,
        "recall": 0.7706134360855167,
        "f1-score": 0.7694359312191735,
        "support": 8049.0
    },
    "weighted avg": {
        "precision": 0.7728813212719937,
        "recall": 0.7702820226115046,
        "f1-score": 0.769265637865617,
        "support": 8049.0
    }
}