{
    "DCIS_1": {
        "precision": 0.863132530120482,
        "recall": 0.9013588324106694,
        "f1-score": 0.8818316100443131,
        "support": 1987.0
    },
    "DCIS_2": {
        "precision": 0.8053268765133171,
        "recall": 0.839475012619889,
        "f1-score": 0.8220464656450815,
        "support": 1981.0
    },
    "Invasive_Tumor": {
        "precision": 0.6656151419558359,
        "recall": 0.7370259481037924,
        "f1-score": 0.6995027231825717,
        "support": 2004.0
    },
    "Prolif_Invasive_Tumor": {
        "precision": 0.8040665434380776,
        "recall": 0.6492537313432836,
        "f1-score": 0.7184145334434352,
        "support": 2010.0
    },
    "accuracy": 0.781257830117765,
    "macro avg": {
        "precision": 0.7845352730069282,
        "recall": 0.7817783811194086,
        "f1-score": 0.7804488330788504,
        "support": 7982.0
    },
    "weighted avg": {
        "precision": 0.7843226480220884,
        "recall": 0.781257830117765,
        "f1-score": 0.7800664153194857,
        "support": 7982.0
    }
}