{
    "DCIS_1": {
        "precision": 0.33269754768392373,
        "recall": 0.6077650572424091,
        "f1-score": 0.4300052826201796,
        "support": 2009.0
    },
    "DCIS_2": {
        "precision": 0.29194883370955604,
        "recall": 0.576808721506442,
        "f1-score": 0.38767693588676105,
        "support": 2018.0
    },
    "Invasive_Tumor": {
        "precision": 0.0,
        "recall": 0.0,
        "f1-score": 0.0,
        "support": 2016.0
    },
    "Prolif_Invasive_Tumor": {
        "precision": 0.3526170798898072,
        "recall": 0.06474456246838645,
        "f1-score": 0.1094017094017094,
        "support": 1977.0
    },
    "accuracy": 0.3133416458852868,
    "macro avg": {
        "precision": 0.24431586532082172,
        "recall": 0.3123295853043094,
        "f1-score": 0.2317709819771625,
        "support": 8020.0
    },
    "weighted avg": {
        "precision": 0.2437239509557401,
        "recall": 0.3133416458852868,
        "f1-score": 0.23223190135793068,
        "support": 8020.0
    }
}