{
    "DCIS_1": {
        "precision": 0.8401697312588402,
        "recall": 0.8848063555114201,
        "f1-score": 0.8619105199516324,
        "support": 2014.0
    },
    "DCIS_2": {
        "precision": 0.7962226640159046,
        "recall": 0.809499747347145,
        "f1-score": 0.8028063142069657,
        "support": 1979.0
    },
    "Invasive_Tumor": {
        "precision": 0.6668141592920354,
        "recall": 0.7550100200400801,
        "f1-score": 0.7081766917293233,
        "support": 1996.0
    },
    "Prolif_Invasive_Tumor": {
        "precision": 0.8177247014456317,
        "recall": 0.6521303258145363,
        "f1-score": 0.7255995538204127,
        "support": 1995.0
    },
    "accuracy": 0.7755511022044088,
    "macro avg": {
        "precision": 0.780232814003103,
        "recall": 0.7753616121782954,
        "f1-score": 0.7746232699270834,
        "support": 7984.0
    },
    "weighted avg": {
        "precision": 0.7803291999215576,
        "recall": 0.7755511022044088,
        "f1-score": 0.774766191077358,
        "support": 7984.0
    }
}