{
    "DCIS_1": {
        "precision": 0.2951945080091533,
        "recall": 0.3241206030150754,
        "f1-score": 0.3089820359281437,
        "support": 398.0
    },
    "DCIS_2": {
        "precision": 0.2932692307692308,
        "recall": 0.30423940149625933,
        "f1-score": 0.29865361077111385,
        "support": 401.0
    },
    "Invasive_Tumor": {
        "precision": 0.2668621700879765,
        "recall": 0.2297979797979798,
        "f1-score": 0.24694708276797828,
        "support": 396.0
    },
    "Prolif_Invasive_Tumor": {
        "precision": 0.3684210526315789,
        "recall": 0.3693467336683417,
        "f1-score": 0.36888331242158096,
        "support": 398.0
    },
    "accuracy": 0.3069679849340866,
    "macro avg": {
        "precision": 0.3059367403744849,
        "recall": 0.30687617949441404,
        "f1-score": 0.3058665104722042,
        "support": 1593.0
    },
    "weighted avg": {
        "precision": 0.30596194226510465,
        "recall": 0.3069679849340866,
        "f1-score": 0.30592689977308624,
        "support": 1593.0
    }
}