{
    "DCIS_1": {
        "precision": 0.7690498588899342,
        "recall": 0.8224346076458753,
        "f1-score": 0.7948468643655809,
        "support": 1988.0
    },
    "DCIS_2": {
        "precision": 0.7571660356949702,
        "recall": 0.6982543640897756,
        "f1-score": 0.7265179034769071,
        "support": 2005.0
    },
    "Invasive_Tumor": {
        "precision": 0.586153045288912,
        "recall": 0.5683997980817769,
        "f1-score": 0.5771399282419272,
        "support": 1981.0
    },
    "Prolif_Invasive_Tumor": {
        "precision": 0.6457225712904785,
        "recall": 0.67101958814666,
        "f1-score": 0.6581280788177339,
        "support": 1991.0
    },
    "accuracy": 0.6901443816698054,
    "macro avg": {
        "precision": 0.6895228777910738,
        "recall": 0.690027089491022,
        "f1-score": 0.6891581937255373,
        "support": 7965.0
    },
    "weighted avg": {
        "precision": 0.6897415998993448,
        "recall": 0.6901443816698054,
        "f1-score": 0.6893246912245248,
        "support": 7965.0
    }
}