{
    "DCIS_1": {
        "precision": 0.8660287081339713,
        "recall": 0.9040959040959041,
        "f1-score": 0.884652981427175,
        "support": 2002.0
    },
    "DCIS_2": {
        "precision": 0.8189867191342843,
        "recall": 0.8254833911750123,
        "f1-score": 0.8222222222222222,
        "support": 2017.0
    },
    "Invasive_Tumor": {
        "precision": 0.6588553402433529,
        "recall": 0.7299051422865701,
        "f1-score": 0.6925627664613927,
        "support": 2003.0
    },
    "Prolif_Invasive_Tumor": {
        "precision": 0.7768014059753954,
        "recall": 0.65416872224963,
        "f1-score": 0.7102303160149973,
        "support": 2027.0
    },
    "accuracy": 0.7781090818735247,
    "macro avg": {
        "precision": 0.7801680433717509,
        "recall": 0.778413289951779,
        "f1-score": 0.7774170715314468,
        "support": 8049.0
    },
    "weighted avg": {
        "precision": 0.7802148568266398,
        "recall": 0.7781090818735247,
        "f1-score": 0.7772813471019997,
        "support": 8049.0
    }
}