{
    "DCIS_1": {
        "precision": 0.4097954122752635,
        "recall": 0.6649899396378269,
        "f1-score": 0.507096279248178,
        "support": 1988.0
    },
    "DCIS_2": {
        "precision": 0.2849931161083066,
        "recall": 0.6194513715710723,
        "f1-score": 0.39038189533239037,
        "support": 2005.0
    },
    "Invasive_Tumor": {
        "precision": 0.31758530183727035,
        "recall": 0.06108026249369006,
        "f1-score": 0.10245554614733277,
        "support": 1981.0
    },
    "Prolif_Invasive_Tumor": {
        "precision": 0.0,
        "recall": 0.0,
        "f1-score": 0.0,
        "support": 1991.0
    },
    "accuracy": 0.3370998116760829,
    "macro avg": {
        "precision": 0.2530934575552101,
        "recall": 0.33638039342564735,
        "f1-score": 0.2499834301819753,
        "support": 7965.0
    },
    "weighted avg": {
        "precision": 0.253009536765852,
        "recall": 0.3370998116760829,
        "f1-score": 0.250318586340827,
        "support": 7965.0
    }
}