{
    "DCIS_1": {
        "precision": 0.2894736842105263,
        "recall": 0.3283582089552239,
        "f1-score": 0.3076923076923077,
        "support": 402.0
    },
    "DCIS_2": {
        "precision": 0.29649595687331537,
        "recall": 0.2722772277227723,
        "f1-score": 0.2838709677419355,
        "support": 404.0
    },
    "Invasive_Tumor": {
        "precision": 0.257372654155496,
        "recall": 0.23821339950372208,
        "f1-score": 0.24742268041237114,
        "support": 403.0
    },
    "Prolif_Invasive_Tumor": {
        "precision": 0.3564356435643564,
        "recall": 0.36455696202531646,
        "f1-score": 0.360450563204005,
        "support": 395.0
    },
    "accuracy": 0.300498753117207,
    "macro avg": {
        "precision": 0.2999444847009235,
        "recall": 0.3008514495517587,
        "f1-score": 0.29985912976265483,
        "support": 1604.0
    },
    "weighted avg": {
        "precision": 0.29966711126062134,
        "recall": 0.300498753117207,
        "f1-score": 0.2995420768901603,
        "support": 1604.0
    }
}