{
    "DCIS_1": {
        "precision": 0.8676190476190476,
        "recall": 0.9069188651070185,
        "f1-score": 0.8868337795083963,
        "support": 2009.0
    },
    "DCIS_2": {
        "precision": 0.845606907059421,
        "recall": 0.8250743310208127,
        "f1-score": 0.835214446952596,
        "support": 2018.0
    },
    "Invasive_Tumor": {
        "precision": 0.6225328947368421,
        "recall": 0.7509920634920635,
        "f1-score": 0.6807553956834532,
        "support": 2016.0
    },
    "Prolif_Invasive_Tumor": {
        "precision": 0.7570770243581304,
        "recall": 0.5816894284269094,
        "f1-score": 0.6578947368421053,
        "support": 1977.0
    },
    "accuracy": 0.7669576059850374,
    "macro avg": {
        "precision": 0.7732089684433603,
        "recall": 0.766168672011701,
        "f1-score": 0.7651745897466377,
        "support": 8020.0
    },
    "weighted avg": {
        "precision": 0.7732230670895356,
        "recall": 0.7669576059850374,
        "f1-score": 0.7656075547901985,
        "support": 8020.0
    }
}