{
    "DCIS_1": {
        "precision": 0.8571428571428571,
        "recall": 0.8848063555114201,
        "f1-score": 0.8707549474712925,
        "support": 2014.0
    },
    "DCIS_2": {
        "precision": 0.818771842236645,
        "recall": 0.8287013643254169,
        "f1-score": 0.8237066800602713,
        "support": 1979.0
    },
    "Invasive_Tumor": {
        "precision": 0.673992673992674,
        "recall": 0.7374749498997996,
        "f1-score": 0.7043062200956938,
        "support": 1996.0
    },
    "Prolif_Invasive_Tumor": {
        "precision": 0.7770663562281723,
        "recall": 0.6691729323308271,
        "f1-score": 0.7190950713708592,
        "support": 1995.0
    },
    "accuracy": 0.780185370741483,
    "macro avg": {
        "precision": 0.781743432400087,
        "recall": 0.780038900516866,
        "f1-score": 0.7794657297495292,
        "support": 7984.0
    },
    "weighted avg": {
        "precision": 0.7818351638322415,
        "recall": 0.780185370741483,
        "f1-score": 0.7795849031490891,
        "support": 7984.0
    }
}