{
    "DCIS_1": {
        "precision": 0.4977151561309977,
        "recall": 0.6574446680080482,
        "f1-score": 0.5665366276549632,
        "support": 1988.0
    },
    "DCIS_2": {
        "precision": 0.42348411934552455,
        "recall": 0.4389027431421446,
        "f1-score": 0.4310555963752143,
        "support": 2005.0
    },
    "Invasive_Tumor": {
        "precision": 0.3772954924874791,
        "recall": 0.34225138818778394,
        "f1-score": 0.35892006352567496,
        "support": 1981.0
    },
    "Prolif_Invasive_Tumor": {
        "precision": 0.42691256830601093,
        "recall": 0.3139126067302863,
        "f1-score": 0.361794500723589,
        "support": 1991.0
    },
    "accuracy": 0.4381669805398619,
    "macro avg": {
        "precision": 0.43135183406750305,
        "recall": 0.4381278515170658,
        "f1-score": 0.42957669706986035,
        "support": 7965.0
    },
    "weighted avg": {
        "precision": 0.431380876809939,
        "recall": 0.4381669805398619,
        "f1-score": 0.4296164197483238,
        "support": 7965.0
    }
}