{
    "DCIS_1": {
        "precision": 0.3085339168490153,
        "recall": 0.35516372795969775,
        "f1-score": 0.33021077283372363,
        "support": 397.0
    },
    "DCIS_2": {
        "precision": 0.24202127659574468,
        "recall": 0.2297979797979798,
        "f1-score": 0.23575129533678757,
        "support": 396.0
    },
    "Invasive_Tumor": {
        "precision": 0.29245283018867924,
        "recall": 0.3092269326683292,
        "f1-score": 0.3006060606060606,
        "support": 401.0
    },
    "Prolif_Invasive_Tumor": {
        "precision": 0.41297935103244837,
        "recall": 0.3482587064676617,
        "f1-score": 0.37786774628879893,
        "support": 402.0
    },
    "accuracy": 0.3107769423558897,
    "macro avg": {
        "precision": 0.3139968436664719,
        "recall": 0.3106118367234171,
        "f1-score": 0.3111089687663427,
        "support": 1596.0
    },
    "weighted avg": {
        "precision": 0.3142980416927811,
        "recall": 0.3107769423558897,
        "f1-score": 0.3113390063154659,
        "support": 1596.0
    }
}