{
    "DCIS_1": {
        "precision": 0.2555066079295154,
        "recall": 0.29219143576826195,
        "f1-score": 0.27262044653349,
        "support": 397.0
    },
    "DCIS_2": {
        "precision": 0.26052631578947366,
        "recall": 0.25,
        "f1-score": 0.2551546391752577,
        "support": 396.0
    },
    "Invasive_Tumor": {
        "precision": 0.26463104325699743,
        "recall": 0.2593516209476309,
        "f1-score": 0.2619647355163728,
        "support": 401.0
    },
    "Prolif_Invasive_Tumor": {
        "precision": 0.34959349593495936,
        "recall": 0.3208955223880597,
        "f1-score": 0.3346303501945525,
        "support": 402.0
    },
    "accuracy": 0.2807017543859649,
    "macro avg": {
        "precision": 0.28256436572773647,
        "recall": 0.28060964477598815,
        "f1-score": 0.28109254285491825,
        "support": 1596.0
    },
    "weighted avg": {
        "precision": 0.28274321936877117,
        "recall": 0.2807017543859649,
        "f1-score": 0.28122858026784037,
        "support": 1596.0
    }
}