{
    "DCIS_1": {
        "precision": 0.39420756234915527,
        "recall": 0.49295774647887325,
        "f1-score": 0.4380867232901207,
        "support": 1988.0
    },
    "DCIS_2": {
        "precision": 0.4044890162368672,
        "recall": 0.4224438902743142,
        "f1-score": 0.4132715296413759,
        "support": 2005.0
    },
    "Invasive_Tumor": {
        "precision": 0.30612244897959184,
        "recall": 0.17415446744068652,
        "f1-score": 0.222007722007722,
        "support": 1981.0
    },
    "Prolif_Invasive_Tumor": {
        "precision": 0.37378210806023027,
        "recall": 0.4239075841285786,
        "f1-score": 0.3972699458696164,
        "support": 1991.0
    },
    "accuracy": 0.37865662272441936,
    "macro avg": {
        "precision": 0.36965028390646115,
        "recall": 0.37836592208061315,
        "f1-score": 0.3676589802022088,
        "support": 7965.0
    },
    "weighted avg": {
        "precision": 0.36978202888656997,
        "recall": 0.37865662272441936,
        "f1-score": 0.3678954905656525,
        "support": 7965.0
    }
}