{
    "DCIS_1": {
        "precision": 0.8425275827482447,
        "recall": 0.8454957221942627,
        "f1-score": 0.8440090429540317,
        "support": 1987.0
    },
    "DCIS_2": {
        "precision": 0.7701799485861183,
        "recall": 0.7561837455830389,
        "f1-score": 0.7631176770249618,
        "support": 1981.0
    },
    "Invasive_Tumor": {
        "precision": 0.6013513513513513,
        "recall": 0.6661676646706587,
        "f1-score": 0.6321022727272727,
        "support": 2004.0
    },
    "Prolif_Invasive_Tumor": {
        "precision": 0.6856829402084477,
        "recall": 0.6218905472636815,
        "f1-score": 0.6522306287503261,
        "support": 2010.0
    },
    "accuracy": 0.7219994988724631,
    "macro avg": {
        "precision": 0.7249354557235406,
        "recall": 0.7224344199279105,
        "f1-score": 0.722864905364148,
        "support": 7982.0
    },
    "weighted avg": {
        "precision": 0.7245251319214421,
        "recall": 0.7219994988724631,
        "f1-score": 0.722437810682751,
        "support": 7982.0
    }
}