{
    "DCIS_1": {
        "precision": 0.8479052823315119,
        "recall": 0.9245283018867925,
        "f1-score": 0.8845605700712589,
        "support": 2014.0
    },
    "DCIS_2": {
        "precision": 0.8459488272921108,
        "recall": 0.8019201616978272,
        "f1-score": 0.8233463035019455,
        "support": 1979.0
    },
    "Invasive_Tumor": {
        "precision": 0.6247833622183708,
        "recall": 0.7224448897795591,
        "f1-score": 0.6700743494423792,
        "support": 1996.0
    },
    "Prolif_Invasive_Tumor": {
        "precision": 0.743142144638404,
        "recall": 0.5974937343358396,
        "f1-score": 0.6624062239510975,
        "support": 1995.0
    },
    "accuracy": 0.7618987975951904,
    "macro avg": {
        "precision": 0.7654449041200994,
        "recall": 0.7615967719250046,
        "f1-score": 0.7600968617416702,
        "support": 7984.0
    },
    "weighted avg": {
        "precision": 0.7654621915541379,
        "recall": 0.7618987975951904,
        "f1-score": 0.7602550276832784,
        "support": 7984.0
    }
}