{
    "DCIS_1": {
        "precision": 0.5112033195020746,
        "recall": 0.6132404181184669,
        "f1-score": 0.5575922154333559,
        "support": 2009.0
    },
    "DCIS_2": {
        "precision": 0.37202697905573306,
        "recall": 0.5193260654112983,
        "f1-score": 0.43350568769389863,
        "support": 2018.0
    },
    "Invasive_Tumor": {
        "precision": 0.39880597014925373,
        "recall": 0.33134920634920634,
        "f1-score": 0.36196152804118126,
        "support": 2016.0
    },
    "Prolif_Invasive_Tumor": {
        "precision": 0.43559928443649376,
        "recall": 0.24633282751643906,
        "f1-score": 0.3147011308562197,
        "support": 1977.0
    },
    "accuracy": 0.42830423940149626,
    "macro avg": {
        "precision": 0.4294088882858888,
        "recall": 0.4275621293488527,
        "f1-score": 0.4169401405061639,
        "support": 8020.0
    },
    "weighted avg": {
        "precision": 0.4292930840107208,
        "recall": 0.42830423940149626,
        "f1-score": 0.4173186801503326,
        "support": 8020.0
    }
}