{
    "DCIS_1": {
        "precision": 0.8726840855106889,
        "recall": 0.9175824175824175,
        "f1-score": 0.8945702459215973,
        "support": 2002.0
    },
    "DCIS_2": {
        "precision": 0.8291727851199217,
        "recall": 0.8398611799702529,
        "f1-score": 0.8344827586206897,
        "support": 2017.0
    },
    "Invasive_Tumor": {
        "precision": 0.6786389413988658,
        "recall": 0.7169246130803795,
        "f1-score": 0.6972566156834183,
        "support": 2003.0
    },
    "Prolif_Invasive_Tumor": {
        "precision": 0.7803921568627451,
        "recall": 0.6872224962999507,
        "f1-score": 0.7308499475341028,
        "support": 2027.0
    },
    "accuracy": 0.7901602683563176,
    "macro avg": {
        "precision": 0.7902219922230553,
        "recall": 0.7903976767332501,
        "f1-score": 0.789289891939952,
        "support": 8049.0
    },
    "weighted avg": {
        "precision": 0.7902501861550495,
        "recall": 0.7901602683563176,
        "f1-score": 0.7891811655284484,
        "support": 8049.0
    }
}