{
    "DCIS_1": {
        "precision": 0.8502369668246446,
        "recall": 0.9024144869215291,
        "f1-score": 0.8755490483162518,
        "support": 1988.0
    },
    "DCIS_2": {
        "precision": 0.8303061754021795,
        "recall": 0.7980049875311721,
        "f1-score": 0.8138351983723296,
        "support": 2005.0
    },
    "Invasive_Tumor": {
        "precision": 0.6665202108963093,
        "recall": 0.7657748611812216,
        "f1-score": 0.7127084801503406,
        "support": 1981.0
    },
    "Prolif_Invasive_Tumor": {
        "precision": 0.8002421307506054,
        "recall": 0.6639879457559016,
        "f1-score": 0.7257754597858908,
        "support": 1991.0
    },
    "accuracy": 0.7825486503452606,
    "macro avg": {
        "precision": 0.7868263709684348,
        "recall": 0.7825455703474562,
        "f1-score": 0.7819670466562032,
        "support": 7965.0
    },
    "weighted avg": {
        "precision": 0.7870299550331209,
        "recall": 0.7825486503452606,
        "f1-score": 0.7820747671564047,
        "support": 7965.0
    }
}