{
    "DCIS_1": {
        "precision": 0.8697519083969466,
        "recall": 0.90741662518666,
        "f1-score": 0.8881851400730816,
        "support": 2009.0
    },
    "DCIS_2": {
        "precision": 0.8425235966219573,
        "recall": 0.8404360753221011,
        "f1-score": 0.8414785413048871,
        "support": 2018.0
    },
    "Invasive_Tumor": {
        "precision": 0.6599817684594348,
        "recall": 0.7182539682539683,
        "f1-score": 0.6878859857482186,
        "support": 2016.0
    },
    "Prolif_Invasive_Tumor": {
        "precision": 0.7501456027955736,
        "recall": 0.6514921598381386,
        "f1-score": 0.697347049269085,
        "support": 1977.0
    },
    "accuracy": 0.779925187032419,
    "macro avg": {
        "precision": 0.7806007190684782,
        "recall": 0.779399707150217,
        "f1-score": 0.7787241790988181,
        "support": 8020.0
    },
    "weighted avg": {
        "precision": 0.7806864468695318,
        "recall": 0.779925187032419,
        "f1-score": 0.7790400132710066,
        "support": 8020.0
    }
}