{
    "DCIS_1": {
        "precision": 0.4026032315978456,
        "recall": 0.44538232373386294,
        "f1-score": 0.4229137199434229,
        "support": 2014.0
    },
    "DCIS_2": {
        "precision": 0.3295482596889657,
        "recall": 0.6745831227892876,
        "f1-score": 0.4427860696517413,
        "support": 1979.0
    },
    "Invasive_Tumor": {
        "precision": 0.3437945791726106,
        "recall": 0.12074148296593186,
        "f1-score": 0.17871709306637004,
        "support": 1996.0
    },
    "Prolif_Invasive_Tumor": {
        "precision": 0.41832669322709165,
        "recall": 0.21052631578947367,
        "f1-score": 0.28009336445481825,
        "support": 1995.0
    },
    "accuracy": 0.3623496993987976,
    "macro avg": {
        "precision": 0.3735681909216284,
        "recall": 0.36280831131963903,
        "f1-score": 0.3311275617790881,
        "support": 7984.0
    },
    "weighted avg": {
        "precision": 0.3737217744713305,
        "recall": 0.3623496993987976,
        "f1-score": 0.33110313673029645,
        "support": 7984.0
    }
}