{
    "DCIS_1": {
        "precision": 0.8526216343882853,
        "recall": 0.898456943753111,
        "f1-score": 0.8749394086282113,
        "support": 2009.0
    },
    "DCIS_2": {
        "precision": 0.8289606458123108,
        "recall": 0.8141724479682855,
        "f1-score": 0.8215,
        "support": 2018.0
    },
    "Invasive_Tumor": {
        "precision": 0.6391702846116739,
        "recall": 0.6572420634920635,
        "f1-score": 0.6480802152115431,
        "support": 2016.0
    },
    "Prolif_Invasive_Tumor": {
        "precision": 0.6975108225108225,
        "recall": 0.6519979767324229,
        "f1-score": 0.6739869281045752,
        "support": 1977.0
    },
    "accuracy": 0.755860349127182,
    "macro avg": {
        "precision": 0.7545658468307731,
        "recall": 0.7554673579864706,
        "f1-score": 0.7546266379860824,
        "support": 8020.0
    },
    "weighted avg": {
        "precision": 0.7547762639172492,
        "recall": 0.755860349127182,
        "f1-score": 0.7549304417285901,
        "support": 8020.0
    }
}