{
    "DCIS_1": {
        "precision": 0.29653679653679654,
        "recall": 0.3407960199004975,
        "f1-score": 0.31712962962962965,
        "support": 402.0
    },
    "DCIS_2": {
        "precision": 0.2946859903381642,
        "recall": 0.30808080808080807,
        "f1-score": 0.3012345679012346,
        "support": 396.0
    },
    "Invasive_Tumor": {
        "precision": 0.25862068965517243,
        "recall": 0.22556390977443608,
        "f1-score": 0.24096385542168675,
        "support": 399.0
    },
    "Prolif_Invasive_Tumor": {
        "precision": 0.34408602150537637,
        "recall": 0.3208020050125313,
        "f1-score": 0.3320363164721141,
        "support": 399.0
    },
    "accuracy": 0.29887218045112784,
    "macro avg": {
        "precision": 0.2984823745088774,
        "recall": 0.29881068569206826,
        "f1-score": 0.2978410923561663,
        "support": 1596.0
    },
    "weighted avg": {
        "precision": 0.29848585346789736,
        "recall": 0.29887218045112784,
        "f1-score": 0.297870970291746,
        "support": 1596.0
    }
}