{
    "DCIS_1": {
        "precision": 0.2574712643678161,
        "recall": 0.27860696517412936,
        "f1-score": 0.26762246117084826,
        "support": 402.0
    },
    "DCIS_2": {
        "precision": 0.3266832917705736,
        "recall": 0.32425742574257427,
        "f1-score": 0.32546583850931676,
        "support": 404.0
    },
    "Invasive_Tumor": {
        "precision": 0.2768361581920904,
        "recall": 0.24317617866004962,
        "f1-score": 0.25891677675033026,
        "support": 403.0
    },
    "Prolif_Invasive_Tumor": {
        "precision": 0.3864734299516908,
        "recall": 0.4050632911392405,
        "f1-score": 0.39555006180469715,
        "support": 395.0
    },
    "accuracy": 0.3123441396508728,
    "macro avg": {
        "precision": 0.3118660360705427,
        "recall": 0.3127759651789984,
        "f1-score": 0.3118887845587981,
        "support": 1604.0
    },
    "weighted avg": {
        "precision": 0.3115370790109128,
        "recall": 0.3123441396508728,
        "f1-score": 0.3115075832865857,
        "support": 1604.0
    }
}