{
    "DCIS_1": {
        "precision": 0.7738483015355979,
        "recall": 0.8306693306693307,
        "f1-score": 0.8012527101903156,
        "support": 2002.0
    },
    "DCIS_2": {
        "precision": 0.7243217054263565,
        "recall": 0.7411998016856718,
        "f1-score": 0.7326635628522421,
        "support": 2017.0
    },
    "Invasive_Tumor": {
        "precision": 0.6074380165289256,
        "recall": 0.5871193210184723,
        "f1-score": 0.597105864432597,
        "support": 2003.0
    },
    "Prolif_Invasive_Tumor": {
        "precision": 0.6784210526315789,
        "recall": 0.6359151455352738,
        "f1-score": 0.6564807741278329,
        "support": 2027.0
    },
    "accuracy": 0.6985960988942725,
    "macro avg": {
        "precision": 0.6960072690306147,
        "recall": 0.6987258997271871,
        "f1-score": 0.6968757279007469,
        "support": 8049.0
    },
    "weighted avg": {
        "precision": 0.6959944092820074,
        "recall": 0.6985960988942725,
        "f1-score": 0.6968045605279655,
        "support": 8049.0
    }
}