{
    "DCIS_1": {
        "precision": 0.8656220322886989,
        "recall": 0.9170020120724346,
        "f1-score": 0.89057156814851,
        "support": 1988.0
    },
    "DCIS_2": {
        "precision": 0.8344172086043021,
        "recall": 0.8319201995012468,
        "f1-score": 0.8331668331668332,
        "support": 2005.0
    },
    "Invasive_Tumor": {
        "precision": 0.6288356452290879,
        "recall": 0.7551741544674407,
        "f1-score": 0.6862385321100918,
        "support": 1981.0
    },
    "Prolif_Invasive_Tumor": {
        "precision": 0.7758271438217421,
        "recall": 0.5770969362129583,
        "f1-score": 0.6618663594470046,
        "support": 1991.0
    },
    "accuracy": 0.7703703703703704,
    "macro avg": {
        "precision": 0.7761755074859578,
        "recall": 0.7702983255635202,
        "f1-score": 0.7679608232181099,
        "support": 7965.0
    },
    "weighted avg": {
        "precision": 0.7764291726289354,
        "recall": 0.7703703703703704,
        "f1-score": 0.7681318558377672,
        "support": 7965.0
    }
}