{
    "DCIS_1": {
        "precision": 0.8280632411067194,
        "recall": 0.834245893479343,
        "f1-score": 0.8311430696751798,
        "support": 2009.0
    },
    "DCIS_2": {
        "precision": 0.7330254041570439,
        "recall": 0.7864222001982161,
        "f1-score": 0.7587855606024384,
        "support": 2018.0
    },
    "Invasive_Tumor": {
        "precision": 0.6129177958446251,
        "recall": 0.6731150793650794,
        "f1-score": 0.6416075650118204,
        "support": 2016.0
    },
    "Prolif_Invasive_Tumor": {
        "precision": 0.7179962894248608,
        "recall": 0.5872534142640364,
        "f1-score": 0.6460767946577629,
        "support": 1977.0
    },
    "accuracy": 0.7208229426433915,
    "macro avg": {
        "precision": 0.7230006826333123,
        "recall": 0.7202591468266687,
        "f1-score": 0.7194032474868004,
        "support": 8020.0
    },
    "weighted avg": {
        "precision": 0.7229358176543675,
        "recall": 0.7208229426433915,
        "f1-score": 0.7196721150093995,
        "support": 8020.0
    }
}