{
    "DCIS_1": {
        "precision": 0.3013698630136986,
        "recall": 0.33249370277078083,
        "f1-score": 0.3161676646706587,
        "support": 397.0
    },
    "DCIS_2": {
        "precision": 0.2845528455284553,
        "recall": 0.26515151515151514,
        "f1-score": 0.27450980392156865,
        "support": 396.0
    },
    "Invasive_Tumor": {
        "precision": 0.2641509433962264,
        "recall": 0.2793017456359102,
        "f1-score": 0.27151515151515154,
        "support": 401.0
    },
    "Prolif_Invasive_Tumor": {
        "precision": 0.38904109589041097,
        "recall": 0.35323383084577115,
        "f1-score": 0.37027379400260757,
        "support": 402.0
    },
    "accuracy": 0.3076441102756892,
    "macro avg": {
        "precision": 0.3097786869571978,
        "recall": 0.30754519860099433,
        "f1-score": 0.3081166035274966,
        "support": 1596.0
    },
    "weighted avg": {
        "precision": 0.30992845319269335,
        "recall": 0.3076441102756892,
        "f1-score": 0.3082406554973789,
        "support": 1596.0
    }
}