{
    "DCIS_1": {
        "precision": 0.47310756972111556,
        "recall": 0.7168008048289738,
        "f1-score": 0.57,
        "support": 1988.0
    },
    "DCIS_2": {
        "precision": 0.39703628002043945,
        "recall": 0.38753117206982546,
        "f1-score": 0.392226148409894,
        "support": 2005.0
    },
    "Invasive_Tumor": {
        "precision": 0.3679138321995465,
        "recall": 0.3276123170116103,
        "f1-score": 0.3465954606141522,
        "support": 1981.0
    },
    "Prolif_Invasive_Tumor": {
        "precision": 0.41233766233766234,
        "recall": 0.2551481667503767,
        "f1-score": 0.3152342538008067,
        "support": 1991.0
    },
    "accuracy": 0.4217200251098556,
    "macro avg": {
        "precision": 0.41259883606969094,
        "recall": 0.4217731151651966,
        "f1-score": 0.4060139657062132,
        "support": 7965.0
    },
    "weighted avg": {
        "precision": 0.41260479313849924,
        "recall": 0.4217200251098556,
        "f1-score": 0.4060025655186289,
        "support": 7965.0
    }
}