{
    "DCIS_1": {
        "precision": 0.8719306692344728,
        "recall": 0.9014435042309606,
        "f1-score": 0.886441507586882,
        "support": 2009.0
    },
    "DCIS_2": {
        "precision": 0.8246124031007752,
        "recall": 0.8434093161546086,
        "f1-score": 0.83390494855463,
        "support": 2018.0
    },
    "Invasive_Tumor": {
        "precision": 0.6523404255319148,
        "recall": 0.7604166666666666,
        "f1-score": 0.7022446174988548,
        "support": 2016.0
    },
    "Prolif_Invasive_Tumor": {
        "precision": 0.7776324395029431,
        "recall": 0.601416287303996,
        "f1-score": 0.6782658300057045,
        "support": 1977.0
    },
    "accuracy": 0.777431421446384,
    "macro avg": {
        "precision": 0.7816289843425265,
        "recall": 0.7766714435890579,
        "f1-score": 0.7752142259115178,
        "support": 8020.0
    },
    "weighted avg": {
        "precision": 0.7815803210372917,
        "recall": 0.777431421446384,
        "f1-score": 0.7756032256514037,
        "support": 8020.0
    }
}