{
    "DCIS_1": {
        "precision": 0.8119266055045872,
        "recall": 0.8841158841158842,
        "f1-score": 0.8464849354375896,
        "support": 2002.0
    },
    "DCIS_2": {
        "precision": 0.7682682682682682,
        "recall": 0.7610312345066931,
        "f1-score": 0.7646326276463262,
        "support": 2017.0
    },
    "Invasive_Tumor": {
        "precision": 0.621505376344086,
        "recall": 0.5771342985521717,
        "f1-score": 0.5984985762360859,
        "support": 2003.0
    },
    "Prolif_Invasive_Tumor": {
        "precision": 0.6713078070611636,
        "recall": 0.6660088801184015,
        "f1-score": 0.6686478454680534,
        "support": 2027.0
    },
    "accuracy": 0.7219530376444279,
    "macro avg": {
        "precision": 0.7182520142945263,
        "recall": 0.7220725743232875,
        "f1-score": 0.7195659961970138,
        "support": 8049.0
    },
    "weighted avg": {
        "precision": 0.7181873965768995,
        "recall": 0.7219530376444279,
        "f1-score": 0.7194767898712038,
        "support": 8049.0
    }
}