{
    "DCIS_1": {
        "precision": 0.83088954056696,
        "recall": 0.8461921353907417,
        "f1-score": 0.8384710234278668,
        "support": 2009.0
    },
    "DCIS_2": {
        "precision": 0.7583826429980276,
        "recall": 0.7621407333994054,
        "f1-score": 0.7602570439940682,
        "support": 2018.0
    },
    "Invasive_Tumor": {
        "precision": 0.6235703630034809,
        "recall": 0.6220238095238095,
        "f1-score": 0.6227961261484977,
        "support": 2016.0
    },
    "Prolif_Invasive_Tumor": {
        "precision": 0.6728682170542636,
        "recall": 0.6585735963581184,
        "f1-score": 0.6656441717791411,
        "support": 1977.0
    },
    "accuracy": 0.7224438902743142,
    "macro avg": {
        "precision": 0.721427690905683,
        "recall": 0.7222325686680188,
        "f1-score": 0.7217920913373934,
        "support": 8020.0
    },
    "weighted avg": {
        "precision": 0.7215775034289699,
        "recall": 0.7224438902743142,
        "f1-score": 0.7219728826395695,
        "support": 8020.0
    }
}