{
    "DCIS_1": {
        "precision": 0.8583815028901735,
        "recall": 0.8901098901098901,
        "f1-score": 0.8739578224619912,
        "support": 2002.0
    },
    "DCIS_2": {
        "precision": 0.8013533107781537,
        "recall": 0.8220128904313336,
        "f1-score": 0.8115516397454724,
        "support": 2017.0
    },
    "Invasive_Tumor": {
        "precision": 0.6328018223234624,
        "recall": 0.6934598102845732,
        "f1-score": 0.6617436874702239,
        "support": 2003.0
    },
    "Prolif_Invasive_Tumor": {
        "precision": 0.7384435342305442,
        "recall": 0.6225949679329058,
        "f1-score": 0.6755888650963597,
        "support": 2027.0
    },
    "accuracy": 0.7567399676978507,
    "macro avg": {
        "precision": 0.7577450425555834,
        "recall": 0.7570443896896756,
        "f1-score": 0.7557105036935118,
        "support": 8049.0
    },
    "weighted avg": {
        "precision": 0.7577508374487355,
        "recall": 0.7567399676978507,
        "f1-score": 0.7555540382021002,
        "support": 8049.0
    }
}