{
    "DCIS_1": {
        "precision": 0.8118374558303887,
        "recall": 0.9126117179741807,
        "f1-score": 0.8592800374006545,
        "support": 2014.0
    },
    "DCIS_2": {
        "precision": 0.8135942327497425,
        "recall": 0.7983830217281456,
        "f1-score": 0.8059168579444019,
        "support": 1979.0
    },
    "Invasive_Tumor": {
        "precision": 0.6601990049751244,
        "recall": 0.6648296593186372,
        "f1-score": 0.6625062406390414,
        "support": 1996.0
    },
    "Prolif_Invasive_Tumor": {
        "precision": 0.7392533936651584,
        "recall": 0.6551378446115288,
        "f1-score": 0.6946585171405794,
        "support": 1995.0
    },
    "accuracy": 0.7580160320641283,
    "macro avg": {
        "precision": 0.7562210218051035,
        "recall": 0.7577405609081231,
        "f1-score": 0.7555904132811693,
        "support": 7984.0
    },
    "weighted avg": {
        "precision": 0.7562263723630362,
        "recall": 0.7580160320641283,
        "f1-score": 0.7557246562134108,
        "support": 7984.0
    }
}