{
    "DCIS_1": {
        "precision": 0.7403523489932886,
        "recall": 0.8763654419066534,
        "f1-score": 0.802637562528422,
        "support": 2014.0
    },
    "DCIS_2": {
        "precision": 0.7692731277533039,
        "recall": 0.705912076806468,
        "f1-score": 0.736231884057971,
        "support": 1979.0
    },
    "Invasive_Tumor": {
        "precision": 0.6019464720194647,
        "recall": 0.6197394789579158,
        "f1-score": 0.6107134040977537,
        "support": 1996.0
    },
    "Prolif_Invasive_Tumor": {
        "precision": 0.7044534412955465,
        "recall": 0.6105263157894737,
        "f1-score": 0.6541353383458647,
        "support": 1995.0
    },
    "accuracy": 0.7035320641282565,
    "macro avg": {
        "precision": 0.704006347515401,
        "recall": 0.7031358283651277,
        "f1-score": 0.7009295472575029,
        "support": 7984.0
    },
    "weighted avg": {
        "precision": 0.7039492640570816,
        "recall": 0.7035320641282565,
        "f1-score": 0.7010895420919443,
        "support": 7984.0
    }
}