{
    "DCIS_1": {
        "precision": 0.48381162619573215,
        "recall": 0.6568431568431569,
        "f1-score": 0.5572033898305084,
        "support": 2002.0
    },
    "DCIS_2": {
        "precision": 0.3958521190261497,
        "recall": 0.43529995042141795,
        "f1-score": 0.41463990554899643,
        "support": 2017.0
    },
    "Invasive_Tumor": {
        "precision": 0.3683241252302026,
        "recall": 0.29955067398901647,
        "f1-score": 0.3303964757709251,
        "support": 2003.0
    },
    "Prolif_Invasive_Tumor": {
        "precision": 0.43463611859838275,
        "recall": 0.31820424272323633,
        "f1-score": 0.36741669040159497,
        "support": 2027.0
    },
    "accuracy": 0.4271338054416698,
    "macro avg": {
        "precision": 0.42065599726261677,
        "recall": 0.4274745059942069,
        "f1-score": 0.4174141153880062,
        "support": 8049.0
    },
    "weighted avg": {
        "precision": 0.4206466933724211,
        "recall": 0.4271338054416698,
        "f1-score": 0.41724284362606534,
        "support": 8049.0
    }
}