{
    "DCIS_1": {
        "precision": 0.8483904465212876,
        "recall": 0.8223452440865626,
        "f1-score": 0.8351648351648352,
        "support": 1987.0
    },
    "DCIS_2": {
        "precision": 0.7796426637791013,
        "recall": 0.7269056032306915,
        "f1-score": 0.7523510971786834,
        "support": 1981.0
    },
    "Invasive_Tumor": {
        "precision": 0.5833333333333334,
        "recall": 0.6986027944111777,
        "f1-score": 0.6357856494096276,
        "support": 2004.0
    },
    "Prolif_Invasive_Tumor": {
        "precision": 0.6959646213377557,
        "recall": 0.6263681592039801,
        "f1-score": 0.6593349044252422,
        "support": 2010.0
    },
    "accuracy": 0.7182410423452769,
    "macro avg": {
        "precision": 0.7268327662428695,
        "recall": 0.718555450233103,
        "f1-score": 0.7206591215445971,
        "support": 7982.0
    },
    "weighted avg": {
        "precision": 0.7263984995080289,
        "recall": 0.7182410423452769,
        "f1-score": 0.7202778314075582,
        "support": 7982.0
    }
}