{
    "DCIS_1": {
        "precision": 0.49667058362710537,
        "recall": 0.6333666333666333,
        "f1-score": 0.5567508232711307,
        "support": 2002.0
    },
    "DCIS_2": {
        "precision": 0.3953091684434968,
        "recall": 0.4595934556271691,
        "f1-score": 0.4250343878954608,
        "support": 2017.0
    },
    "Invasive_Tumor": {
        "precision": 0.379088785046729,
        "recall": 0.32401397903145285,
        "f1-score": 0.3493943472409152,
        "support": 2003.0
    },
    "Prolif_Invasive_Tumor": {
        "precision": 0.4232105628908965,
        "recall": 0.3004440059200789,
        "f1-score": 0.3514137334102712,
        "support": 2027.0
    },
    "accuracy": 0.428997390980246,
    "macro avg": {
        "precision": 0.4235697750020569,
        "recall": 0.42935451848633355,
        "f1-score": 0.42064832295444443,
        "support": 8049.0
    },
    "weighted avg": {
        "precision": 0.4235104669648954,
        "recall": 0.428997390980246,
        "f1-score": 0.42043260326998644,
        "support": 8049.0
    }
}