{
    "DCIS_1": {
        "precision": 0.3136792452830189,
        "recall": 0.3308457711442786,
        "f1-score": 0.3220338983050847,
        "support": 402.0
    },
    "DCIS_2": {
        "precision": 0.27294117647058824,
        "recall": 0.29292929292929293,
        "f1-score": 0.28258221680876977,
        "support": 396.0
    },
    "Invasive_Tumor": {
        "precision": 0.23636363636363636,
        "recall": 0.22807017543859648,
        "f1-score": 0.23214285714285715,
        "support": 399.0
    },
    "Prolif_Invasive_Tumor": {
        "precision": 0.3453038674033149,
        "recall": 0.3132832080200501,
        "f1-score": 0.328515111695138,
        "support": 399.0
    },
    "accuracy": 0.29135338345864664,
    "macro avg": {
        "precision": 0.29207198138013957,
        "recall": 0.29128211188305453,
        "f1-score": 0.2913185209879624,
        "support": 1596.0
    },
    "weighted avg": {
        "precision": 0.2921485566974562,
        "recall": 0.29135338345864664,
        "f1-score": 0.2913926782840081,
        "support": 1596.0
    }
}