{
    "DCIS_1": {
        "precision": 0.28329297820823246,
        "recall": 0.29396984924623115,
        "f1-score": 0.2885326757090012,
        "support": 398.0
    },
    "DCIS_2": {
        "precision": 0.30446194225721784,
        "recall": 0.2892768079800499,
        "f1-score": 0.2966751918158568,
        "support": 401.0
    },
    "Invasive_Tumor": {
        "precision": 0.2887139107611549,
        "recall": 0.2777777777777778,
        "f1-score": 0.28314028314028317,
        "support": 396.0
    },
    "Prolif_Invasive_Tumor": {
        "precision": 0.3444976076555024,
        "recall": 0.36180904522613067,
        "f1-score": 0.35294117647058826,
        "support": 398.0
    },
    "accuracy": 0.30571249215317015,
    "macro avg": {
        "precision": 0.3052416097205269,
        "recall": 0.30570837005754736,
        "f1-score": 0.30532233178393237,
        "support": 1593.0
    },
    "weighted avg": {
        "precision": 0.30526089182694804,
        "recall": 0.30571249215317015,
        "f1-score": 0.3053338965531621,
        "support": 1593.0
    }
}