{
    "DCIS_1": {
        "precision": 0.3302540415704388,
        "recall": 0.3575,
        "f1-score": 0.3433373349339736,
        "support": 400.0
    },
    "DCIS_2": {
        "precision": 0.3157894736842105,
        "recall": 0.2977667493796526,
        "f1-score": 0.3065134099616858,
        "support": 403.0
    },
    "Invasive_Tumor": {
        "precision": 0.29545454545454547,
        "recall": 0.29177057356608477,
        "f1-score": 0.2936010037641154,
        "support": 401.0
    },
    "Prolif_Invasive_Tumor": {
        "precision": 0.375,
        "recall": 0.37037037037037035,
        "f1-score": 0.37267080745341613,
        "support": 405.0
    },
    "accuracy": 0.32939714108141704,
    "macro avg": {
        "precision": 0.3291245151772987,
        "recall": 0.32935192332902696,
        "f1-score": 0.32903063902829777,
        "support": 1609.0
    },
    "weighted avg": {
        "precision": 0.3292212848043412,
        "recall": 0.32939714108141704,
        "f1-score": 0.3291022484252285,
        "support": 1609.0
    }
}