{
    "DCIS_1": {
        "precision": 0.8196248196248196,
        "recall": 0.8571428571428571,
        "f1-score": 0.8379641013031719,
        "support": 1988.0
    },
    "DCIS_2": {
        "precision": 0.7628657921291625,
        "recall": 0.7541147132169576,
        "f1-score": 0.7584650112866818,
        "support": 2005.0
    },
    "Invasive_Tumor": {
        "precision": 0.6149068322981367,
        "recall": 0.6496718828874306,
        "f1-score": 0.6318114874815906,
        "support": 1981.0
    },
    "Prolif_Invasive_Tumor": {
        "precision": 0.6935394809497515,
        "recall": 0.6308387744851833,
        "f1-score": 0.66070489216202,
        "support": 1991.0
    },
    "accuracy": 0.723038292529818,
    "macro avg": {
        "precision": 0.7227342312504675,
        "recall": 0.7229420569331071,
        "f1-score": 0.7222363730583661,
        "support": 7965.0
    },
    "weighted avg": {
        "precision": 0.7229036529801226,
        "recall": 0.723038292529818,
        "f1-score": 0.7223699909624753,
        "support": 7965.0
    }
}