{
    "DCIS_1": {
        "precision": 0.7983576642335767,
        "recall": 0.8741258741258742,
        "f1-score": 0.8345255126371006,
        "support": 2002.0
    },
    "DCIS_2": {
        "precision": 0.770483193277311,
        "recall": 0.7273177987109569,
        "f1-score": 0.7482785003825555,
        "support": 2017.0
    },
    "Invasive_Tumor": {
        "precision": 0.6451421800947867,
        "recall": 0.5436844732900649,
        "f1-score": 0.5900839880791113,
        "support": 2003.0
    },
    "Prolif_Invasive_Tumor": {
        "precision": 0.6476821192052981,
        "recall": 0.723729649728663,
        "f1-score": 0.6835973904939422,
        "support": 2027.0
    },
    "accuracy": 0.7172319542800348,
    "macro avg": {
        "precision": 0.7154162892027431,
        "recall": 0.7172144489638898,
        "f1-score": 0.7141213478981775,
        "support": 8049.0
    },
    "weighted avg": {
        "precision": 0.7152997996018082,
        "recall": 0.7172319542800348,
        "f1-score": 0.7140747857155884,
        "support": 8049.0
    }
}