{
    "DCIS_1": {
        "precision": 0.7843485993775011,
        "recall": 0.8873239436619719,
        "f1-score": 0.8326646211942412,
        "support": 1988.0
    },
    "DCIS_2": {
        "precision": 0.8081427774679308,
        "recall": 0.7226932668329177,
        "f1-score": 0.7630331753554502,
        "support": 2005.0
    },
    "Invasive_Tumor": {
        "precision": 0.6147715196599363,
        "recall": 0.5840484603735487,
        "f1-score": 0.5990163085684701,
        "support": 1981.0
    },
    "Prolif_Invasive_Tumor": {
        "precision": 0.6540911317981382,
        "recall": 0.6705173279758915,
        "f1-score": 0.6622023809523809,
        "support": 1991.0
    },
    "accuracy": 0.7162586315128688,
    "macro avg": {
        "precision": 0.7153385070758767,
        "recall": 0.7161457497110825,
        "f1-score": 0.7142291215176356,
        "support": 7965.0
    },
    "weighted avg": {
        "precision": 0.7156018968288889,
        "recall": 0.7162586315128688,
        "f1-score": 0.71441494429029,
        "support": 7965.0
    }
}