{
    "DCIS_1": {
        "precision": 0.8155391120507399,
        "recall": 0.7765475591343735,
        "f1-score": 0.7955658674916215,
        "support": 1987.0
    },
    "DCIS_2": {
        "precision": 0.7220338983050848,
        "recall": 0.7526501766784452,
        "f1-score": 0.7370242214532872,
        "support": 1981.0
    },
    "Invasive_Tumor": {
        "precision": 0.5830959164292497,
        "recall": 0.6127744510978044,
        "f1-score": 0.5975669099756691,
        "support": 2004.0
    },
    "Prolif_Invasive_Tumor": {
        "precision": 0.6628452318916103,
        "recall": 0.6328358208955224,
        "f1-score": 0.6474930007635531,
        "support": 2010.0
    },
    "accuracy": 0.6933099473816087,
    "macro avg": {
        "precision": 0.6958785396691712,
        "recall": 0.6937020019515363,
        "f1-score": 0.6944124999210327,
        "support": 7982.0
    },
    "weighted avg": {
        "precision": 0.6955234904552176,
        "recall": 0.6933099473816087,
        "f1-score": 0.6940390103396136,
        "support": 7982.0
    }
}