{
    "DCIS_1": {
        "precision": 0.8795298726738492,
        "recall": 0.9038751887267237,
        "f1-score": 0.891536361379995,
        "support": 1987.0
    },
    "DCIS_2": {
        "precision": 0.8238805970149253,
        "recall": 0.8359414437152953,
        "f1-score": 0.8298672012027061,
        "support": 1981.0
    },
    "Invasive_Tumor": {
        "precision": 0.631795340338054,
        "recall": 0.6901197604790419,
        "f1-score": 0.6596708800381589,
        "support": 2004.0
    },
    "Prolif_Invasive_Tumor": {
        "precision": 0.7352096496266514,
        "recall": 0.6368159203980099,
        "f1-score": 0.6824846707544655,
        "support": 2010.0
    },
    "accuracy": 0.7660987221247808,
    "macro avg": {
        "precision": 0.76760386491337,
        "recall": 0.7666880783297676,
        "f1-score": 0.7658897783438313,
        "support": 7982.0
    },
    "weighted avg": {
        "precision": 0.7671789748780424,
        "recall": 0.7660987221247808,
        "f1-score": 0.7653751324802752,
        "support": 7982.0
    }
}