{
    "DCIS_1": {
        "precision": 0.4838362068965517,
        "recall": 0.6688182720953326,
        "f1-score": 0.5614839516465194,
        "support": 2014.0
    },
    "DCIS_2": {
        "precision": 0.4005589194224499,
        "recall": 0.43456291056088936,
        "f1-score": 0.4168686379059622,
        "support": 1979.0
    },
    "Invasive_Tumor": {
        "precision": 0.3922237380627558,
        "recall": 0.2880761523046092,
        "f1-score": 0.3321779318313114,
        "support": 1996.0
    },
    "Prolif_Invasive_Tumor": {
        "precision": 0.44045368620037806,
        "recall": 0.35037593984962406,
        "f1-score": 0.39028475711892796,
        "support": 1995.0
    },
    "accuracy": 0.435996993987976,
    "macro avg": {
        "precision": 0.42926813764553384,
        "recall": 0.43545831870261376,
        "f1-score": 0.4252038196256802,
        "support": 7984.0
    },
    "weighted avg": {
        "precision": 0.4294508902016155,
        "recall": 0.435996993987976,
        "f1-score": 0.4255331857990416,
        "support": 7984.0
    }
}