{
    "DCIS_1": {
        "precision": 0.8462980318650422,
        "recall": 0.9084507042253521,
        "f1-score": 0.87627365356623,
        "support": 1988.0
    },
    "DCIS_2": {
        "precision": 0.8158153241650294,
        "recall": 0.828428927680798,
        "f1-score": 0.8220737441227419,
        "support": 2005.0
    },
    "Invasive_Tumor": {
        "precision": 0.6469437652811736,
        "recall": 0.6678445229681979,
        "f1-score": 0.6572280178837556,
        "support": 1981.0
    },
    "Prolif_Invasive_Tumor": {
        "precision": 0.7188571428571429,
        "recall": 0.6318432948267202,
        "f1-score": 0.6725474472066293,
        "support": 1991.0
    },
    "accuracy": 0.7593220338983051,
    "macro avg": {
        "precision": 0.756978566042097,
        "recall": 0.759141862425267,
        "f1-score": 0.7570307156948393,
        "support": 7965.0
    },
    "weighted avg": {
        "precision": 0.7571864887318472,
        "recall": 0.7593220338983051,
        "f1-score": 0.7572254301408514,
        "support": 7965.0
    }
}