{
    "DCIS_1": {
        "precision": 0.7732718894009216,
        "recall": 0.8352414136386261,
        "f1-score": 0.8030629337162001,
        "support": 2009.0
    },
    "DCIS_2": {
        "precision": 0.7456960157402853,
        "recall": 0.7512388503468781,
        "f1-score": 0.7484571710688719,
        "support": 2018.0
    },
    "Invasive_Tumor": {
        "precision": 0.6012950971322849,
        "recall": 0.6448412698412699,
        "f1-score": 0.6223073240785064,
        "support": 2016.0
    },
    "Prolif_Invasive_Tumor": {
        "precision": 0.6918429003021148,
        "recall": 0.5791603439554881,
        "f1-score": 0.6305066079295154,
        "support": 1977.0
    },
    "accuracy": 0.7031172069825437,
    "macro avg": {
        "precision": 0.7030264756439016,
        "recall": 0.7026204694455656,
        "f1-score": 0.7010835091982734,
        "support": 8020.0
    },
    "weighted avg": {
        "precision": 0.7030301889384433,
        "recall": 0.7031172069825437,
        "f1-score": 0.7013495179889964,
        "support": 8020.0
    }
}