{
    "DCIS_1": {
        "precision": 0.7979062357760582,
        "recall": 0.8725734196117472,
        "f1-score": 0.8335710889205896,
        "support": 2009.0
    },
    "DCIS_2": {
        "precision": 0.7908602150537635,
        "recall": 0.7289395441030724,
        "f1-score": 0.7586384734399175,
        "support": 2018.0
    },
    "Invasive_Tumor": {
        "precision": 0.6427640156453716,
        "recall": 0.48908730158730157,
        "f1-score": 0.5554929577464789,
        "support": 2016.0
    },
    "Prolif_Invasive_Tumor": {
        "precision": 0.6105393165911898,
        "recall": 0.750126454223571,
        "f1-score": 0.6731729459827508,
        "support": 1977.0
    },
    "accuracy": 0.7098503740648379,
    "macro avg": {
        "precision": 0.7105174457665957,
        "recall": 0.710181679881423,
        "f1-score": 0.7052188665224342,
        "support": 8020.0
    },
    "weighted avg": {
        "precision": 0.7109473847998065,
        "recall": 0.7098503740648379,
        "f1-score": 0.7052759942728201,
        "support": 8020.0
    }
}