{
    "DCIS_1": {
        "precision": 0.28634361233480177,
        "recall": 0.32338308457711445,
        "f1-score": 0.3037383177570093,
        "support": 402.0
    },
    "DCIS_2": {
        "precision": 0.32524271844660196,
        "recall": 0.3316831683168317,
        "f1-score": 0.3284313725490196,
        "support": 404.0
    },
    "Invasive_Tumor": {
        "precision": 0.2346368715083799,
        "recall": 0.20843672456575682,
        "f1-score": 0.22076215505913271,
        "support": 403.0
    },
    "Prolif_Invasive_Tumor": {
        "precision": 0.26052631578947366,
        "recall": 0.25063291139240507,
        "f1-score": 0.25548387096774194,
        "support": 395.0
    },
    "accuracy": 0.2786783042394015,
    "macro avg": {
        "precision": 0.2766873795198143,
        "recall": 0.278533972213027,
        "f1-score": 0.2771039290832259,
        "support": 1604.0
    },
    "weighted avg": {
        "precision": 0.2767922346419805,
        "recall": 0.2786783042394015,
        "f1-score": 0.27722715446958246,
        "support": 1604.0
    }
}