{
    "DCIS_1": {
        "precision": 0.474894719792679,
        "recall": 0.7377956718671363,
        "f1-score": 0.5778478517934569,
        "support": 1987.0
    },
    "DCIS_2": {
        "precision": 0.4177803602556653,
        "recall": 0.3629480060575467,
        "f1-score": 0.38843868179362506,
        "support": 1981.0
    },
    "Invasive_Tumor": {
        "precision": 0.3716028840820854,
        "recall": 0.3343313373253493,
        "f1-score": 0.3519831888626215,
        "support": 2004.0
    },
    "Prolif_Invasive_Tumor": {
        "precision": 0.38584974471188915,
        "recall": 0.26318407960199003,
        "f1-score": 0.3129251700680272,
        "support": 2010.0
    },
    "accuracy": 0.42395389626659985,
    "macro avg": {
        "precision": 0.4125319272105797,
        "recall": 0.4245647737130056,
        "f1-score": 0.40779872312943266,
        "support": 7982.0
    },
    "weighted avg": {
        "precision": 0.4123639273948788,
        "recall": 0.42395389626659985,
        "f1-score": 0.40742102386171364,
        "support": 7982.0
    }
}