{
    "DCIS_1": {
        "precision": 0.7916666666666666,
        "recall": 0.8773584905660378,
        "f1-score": 0.832312764955252,
        "support": 2014.0
    },
    "DCIS_2": {
        "precision": 0.7629969418960245,
        "recall": 0.7564426478019202,
        "f1-score": 0.7597056584623192,
        "support": 1979.0
    },
    "Invasive_Tumor": {
        "precision": 0.6742028985507247,
        "recall": 0.5826653306613226,
        "f1-score": 0.625100779360387,
        "support": 1996.0
    },
    "Prolif_Invasive_Tumor": {
        "precision": 0.6910411622276029,
        "recall": 0.7152882205513784,
        "f1-score": 0.7029556650246306,
        "support": 1995.0
    },
    "accuracy": 0.7332164328657315,
    "macro avg": {
        "precision": 0.7299769173352546,
        "recall": 0.7329386723951647,
        "f1-score": 0.7300187169506472,
        "support": 7984.0
    },
    "weighted avg": {
        "precision": 0.7300505659857481,
        "recall": 0.7332164328657315,
        "f1-score": 0.7301895182921189,
        "support": 7984.0
    }
}