{
    "DCIS_1": {
        "precision": 0.8691226369365003,
        "recall": 0.9019114688128773,
        "f1-score": 0.8852135275240681,
        "support": 1988.0
    },
    "DCIS_2": {
        "precision": 0.8333333333333334,
        "recall": 0.830423940149626,
        "f1-score": 0.8318760929303023,
        "support": 2005.0
    },
    "Invasive_Tumor": {
        "precision": 0.6515695067264574,
        "recall": 0.7334679454820797,
        "f1-score": 0.6900973640465448,
        "support": 1981.0
    },
    "Prolif_Invasive_Tumor": {
        "precision": 0.7616487455197133,
        "recall": 0.640381717729784,
        "f1-score": 0.6957708049113234,
        "support": 1991.0
    },
    "accuracy": 0.7766478342749529,
    "macro avg": {
        "precision": 0.778918555629001,
        "recall": 0.7765462680435918,
        "f1-score": 0.7757394473530597,
        "support": 7965.0
    },
    "weighted avg": {
        "precision": 0.7791401105735037,
        "recall": 0.7766478342749529,
        "f1-score": 0.7759044080097618,
        "support": 7965.0
    }
}