{
    "DCIS_1": {
        "precision": 0.35634743875278396,
        "recall": 0.4,
        "f1-score": 0.37691401648998824,
        "support": 400.0
    },
    "DCIS_2": {
        "precision": 0.2962085308056872,
        "recall": 0.31017369727047145,
        "f1-score": 0.30303030303030304,
        "support": 403.0
    },
    "Invasive_Tumor": {
        "precision": 0.29745042492917845,
        "recall": 0.26184538653366585,
        "f1-score": 0.27851458885941643,
        "support": 401.0
    },
    "Prolif_Invasive_Tumor": {
        "precision": 0.37662337662337664,
        "recall": 0.35802469135802467,
        "f1-score": 0.3670886075949367,
        "support": 405.0
    },
    "accuracy": 0.3325046612802983,
    "macro avg": {
        "precision": 0.33165744277775655,
        "recall": 0.3325109437905405,
        "f1-score": 0.3313868789936611,
        "support": 1609.0
    },
    "weighted avg": {
        "precision": 0.33170982059967286,
        "recall": 0.3325046612802983,
        "f1-score": 0.33141209131496757,
        "support": 1609.0
    }
}