{
    "DCIS_1": {
        "precision": 0.4155110426296867,
        "recall": 0.40714645193759436,
        "f1-score": 0.411286222674123,
        "support": 1987.0
    },
    "DCIS_2": {
        "precision": 0.3760033798056612,
        "recall": 0.44926804644119134,
        "f1-score": 0.4093836246550138,
        "support": 1981.0
    },
    "Invasive_Tumor": {
        "precision": 0.2977022977022977,
        "recall": 0.14870259481037923,
        "f1-score": 0.1983361064891847,
        "support": 2004.0
    },
    "Prolif_Invasive_Tumor": {
        "precision": 0.34758155230596177,
        "recall": 0.46119402985074626,
        "f1-score": 0.3964079538165491,
        "support": 2010.0
    },
    "accuracy": 0.3663242295164119,
    "macro avg": {
        "precision": 0.3591995681109018,
        "recall": 0.36657778075997777,
        "f1-score": 0.35385347690871766,
        "support": 7982.0
    },
    "weighted avg": {
        "precision": 0.3590224833162854,
        "recall": 0.3663242295164119,
        "f1-score": 0.3536031357392451,
        "support": 7982.0
    }
}