{
    "DCIS_1": {
        "precision": 0.8093645484949833,
        "recall": 0.852112676056338,
        "f1-score": 0.8301886792452831,
        "support": 1988.0
    },
    "DCIS_2": {
        "precision": 0.7677024961793174,
        "recall": 0.7516209476309227,
        "f1-score": 0.7595766129032258,
        "support": 2005.0
    },
    "Invasive_Tumor": {
        "precision": 0.6234269119070668,
        "recall": 0.6501766784452296,
        "f1-score": 0.6365208796639487,
        "support": 1981.0
    },
    "Prolif_Invasive_Tumor": {
        "precision": 0.6869234943027672,
        "recall": 0.6358613761928679,
        "f1-score": 0.6604068857589984,
        "support": 1991.0
    },
    "accuracy": 0.7225360954174513,
    "macro avg": {
        "precision": 0.7218543627210338,
        "recall": 0.7224429195813394,
        "f1-score": 0.7216732643928641,
        "support": 7965.0
    },
    "weighted avg": {
        "precision": 0.7220255639538313,
        "recall": 0.7225360954174513,
        "f1-score": 0.7218059228337775,
        "support": 7965.0
    }
}