{
    "DCIS_1": {
        "precision": 0.8832188420019627,
        "recall": 0.9058882737795672,
        "f1-score": 0.8944099378881988,
        "support": 1987.0
    },
    "DCIS_2": {
        "precision": 0.8278112449799196,
        "recall": 0.8324078748107017,
        "f1-score": 0.830103196576894,
        "support": 1981.0
    },
    "Invasive_Tumor": {
        "precision": 0.6473408892763731,
        "recall": 0.7410179640718563,
        "f1-score": 0.6910190786412285,
        "support": 2004.0
    },
    "Prolif_Invasive_Tumor": {
        "precision": 0.7762364294330518,
        "recall": 0.6402985074626866,
        "f1-score": 0.7017448200654307,
        "support": 2010.0
    },
    "accuracy": 0.7793786018541718,
    "macro avg": {
        "precision": 0.7836518514228268,
        "recall": 0.7799031550312029,
        "f1-score": 0.779319258292938,
        "support": 7982.0
    },
    "weighted avg": {
        "precision": 0.7833069757746688,
        "recall": 0.7793786018541718,
        "f1-score": 0.7788694939778521,
        "support": 7982.0
    }
}