{
    "DCIS_1": {
        "precision": 0.744752308984047,
        "recall": 0.8928032209360846,
        "f1-score": 0.8120851453421836,
        "support": 1987.0
    },
    "DCIS_2": {
        "precision": 0.7567287784679089,
        "recall": 0.7380111055022716,
        "f1-score": 0.7472527472527473,
        "support": 1981.0
    },
    "Invasive_Tumor": {
        "precision": 0.6160510715914272,
        "recall": 0.6741516966067864,
        "f1-score": 0.6437931856087682,
        "support": 2004.0
    },
    "Prolif_Invasive_Tumor": {
        "precision": 0.7471186440677966,
        "recall": 0.5482587064676617,
        "f1-score": 0.6324246771879484,
        "support": 2010.0
    },
    "accuracy": 0.7127286394387372,
    "macro avg": {
        "precision": 0.7161627007777949,
        "recall": 0.7133061823782011,
        "f1-score": 0.7088889388479118,
        "support": 7982.0
    },
    "weighted avg": {
        "precision": 0.7160081896945277,
        "recall": 0.7127286394387372,
        "f1-score": 0.7085011301942319,
        "support": 7982.0
    }
}