{
    "DCIS_1": {
        "precision": 0.45536828963795256,
        "recall": 0.7244289970208541,
        "f1-score": 0.5592180912226907,
        "support": 2014.0
    },
    "DCIS_2": {
        "precision": 0.4085037674919268,
        "recall": 0.3835270338554826,
        "f1-score": 0.3956215793588741,
        "support": 1979.0
    },
    "Invasive_Tumor": {
        "precision": 0.3879781420765027,
        "recall": 0.32014028056112226,
        "f1-score": 0.3508097721657974,
        "support": 1996.0
    },
    "Prolif_Invasive_Tumor": {
        "precision": 0.4470588235294118,
        "recall": 0.2857142857142857,
        "f1-score": 0.3486238532110092,
        "support": 1995.0
    },
    "accuracy": 0.4292334669338677,
    "macro avg": {
        "precision": 0.4247272556839485,
        "recall": 0.42845264928793614,
        "f1-score": 0.41356832398959287,
        "support": 7984.0
    },
    "weighted avg": {
        "precision": 0.42482808313166776,
        "recall": 0.4292334669338677,
        "f1-score": 0.41394304028965506,
        "support": 7984.0
    }
}