{
    "DCIS_1": {
        "precision": 0.28969957081545067,
        "recall": 0.3391959798994975,
        "f1-score": 0.3125,
        "support": 398.0
    },
    "DCIS_2": {
        "precision": 0.26854219948849106,
        "recall": 0.26184538653366585,
        "f1-score": 0.26515151515151514,
        "support": 401.0
    },
    "Invasive_Tumor": {
        "precision": 0.25076452599388377,
        "recall": 0.20707070707070707,
        "f1-score": 0.2268326417704011,
        "support": 396.0
    },
    "Prolif_Invasive_Tumor": {
        "precision": 0.38875305623471884,
        "recall": 0.39949748743718594,
        "f1-score": 0.3940520446096654,
        "support": 398.0
    },
    "accuracy": 0.3019460138104206,
    "macro avg": {
        "precision": 0.29943983813313607,
        "recall": 0.3019023902352641,
        "f1-score": 0.2996340503828954,
        "support": 1593.0
    },
    "weighted avg": {
        "precision": 0.29944276199273717,
        "recall": 0.3019460138104206,
        "f1-score": 0.29966051316477293,
        "support": 1593.0
    }
}