{
    "DCIS_1": {
        "precision": 0.5229508196721312,
        "recall": 0.642174131857071,
        "f1-score": 0.5764626157668851,
        "support": 1987.0
    },
    "DCIS_2": {
        "precision": 0.429123000551572,
        "recall": 0.3927309439676931,
        "f1-score": 0.41012124406958356,
        "support": 1981.0
    },
    "Invasive_Tumor": {
        "precision": 0.3558282208588957,
        "recall": 0.2894211576846307,
        "f1-score": 0.31920748486516237,
        "support": 2004.0
    },
    "Prolif_Invasive_Tumor": {
        "precision": 0.38970938542162936,
        "recall": 0.40696517412935324,
        "f1-score": 0.3981504015575566,
        "support": 2010.0
    },
    "accuracy": 0.4324730643948885,
    "macro avg": {
        "precision": 0.42440285662605703,
        "recall": 0.43282285190968695,
        "f1-score": 0.42598543656479687,
        "support": 7982.0
    },
    "weighted avg": {
        "precision": 0.42415329016285275,
        "recall": 0.4324730643948885,
        "f1-score": 0.4256897405200601,
        "support": 7982.0
    }
}