{
    "DCIS_1": {
        "precision": 0.4877521613832853,
        "recall": 0.6739671478347437,
        "f1-score": 0.5659352142110763,
        "support": 2009.0
    },
    "DCIS_2": {
        "precision": 0.4121805328983143,
        "recall": 0.37561942517343905,
        "f1-score": 0.39305159450350013,
        "support": 2018.0
    },
    "Invasive_Tumor": {
        "precision": 0.3735705209656925,
        "recall": 0.2916666666666667,
        "f1-score": 0.3275766016713092,
        "support": 2016.0
    },
    "Prolif_Invasive_Tumor": {
        "precision": 0.4025122883670126,
        "recall": 0.3727870510875063,
        "f1-score": 0.3870798319327731,
        "support": 1977.0
    },
    "accuracy": 0.4285536159600998,
    "macro avg": {
        "precision": 0.41900387590357613,
        "recall": 0.42851007269058894,
        "f1-score": 0.41841081057966467,
        "support": 8020.0
    },
    "weighted avg": {
        "precision": 0.4190223655830721,
        "recall": 0.4285536159600998,
        "f1-score": 0.4184280822641605,
        "support": 8020.0
    }
}