{
    "DCIS_1": {
        "precision": 0.28019323671497587,
        "recall": 0.29,
        "f1-score": 0.28501228501228504,
        "support": 400.0
    },
    "DCIS_2": {
        "precision": 0.2982005141388175,
        "recall": 0.2878411910669975,
        "f1-score": 0.29292929292929293,
        "support": 403.0
    },
    "Invasive_Tumor": {
        "precision": 0.2675,
        "recall": 0.26683291770573564,
        "f1-score": 0.2671660424469413,
        "support": 401.0
    },
    "Prolif_Invasive_Tumor": {
        "precision": 0.3620689655172414,
        "recall": 0.362962962962963,
        "f1-score": 0.3625154130702836,
        "support": 405.0
    },
    "accuracy": 0.30205096333126163,
    "macro avg": {
        "precision": 0.3019906790927587,
        "recall": 0.30190926793392403,
        "f1-score": 0.30190575836470074,
        "support": 1609.0
    },
    "weighted avg": {
        "precision": 0.3021488706764553,
        "recall": 0.30205096333126163,
        "f1-score": 0.3020557764885689,
        "support": 1609.0
    }
}