{
    "DCIS_1": {
        "precision": 0.7925958965209634,
        "recall": 0.8823237338629593,
        "f1-score": 0.8350563909774437,
        "support": 2014.0
    },
    "DCIS_2": {
        "precision": 0.7896698615548455,
        "recall": 0.7493683678625569,
        "f1-score": 0.7689914441275603,
        "support": 1979.0
    },
    "Invasive_Tumor": {
        "precision": 0.6388888888888888,
        "recall": 0.5991983967935872,
        "f1-score": 0.6184074457083765,
        "support": 1996.0
    },
    "Prolif_Invasive_Tumor": {
        "precision": 0.6782128514056225,
        "recall": 0.6771929824561403,
        "f1-score": 0.6777025332330072,
        "support": 1995.0
    },
    "accuracy": 0.7273296593186372,
    "macro avg": {
        "precision": 0.72484187459258,
        "recall": 0.7270208702438109,
        "f1-score": 0.7250394535115968,
        "support": 7984.0
    },
    "weighted avg": {
        "precision": 0.7248624314111596,
        "recall": 0.7273296593186372,
        "f1-score": 0.7251998315118715,
        "support": 7984.0
    }
}