{
    "DCIS_1": {
        "precision": 0.38280616382806165,
        "recall": 0.47152847152847155,
        "f1-score": 0.42256042972247093,
        "support": 2002.0
    },
    "DCIS_2": {
        "precision": 0.38078164216565075,
        "recall": 0.526524541398116,
        "f1-score": 0.4419475655430712,
        "support": 2017.0
    },
    "Invasive_Tumor": {
        "precision": 0.3272561531449407,
        "recall": 0.17923115327009487,
        "f1-score": 0.23161290322580644,
        "support": 2003.0
    },
    "Prolif_Invasive_Tumor": {
        "precision": 0.40542133176193285,
        "recall": 0.3394178589047854,
        "f1-score": 0.3694951664876477,
        "support": 2027.0
    },
    "accuracy": 0.37930177661821346,
    "macro avg": {
        "precision": 0.3740663227251465,
        "recall": 0.37917550627536695,
        "f1-score": 0.36640401624474905,
        "support": 8049.0
    },
    "weighted avg": {
        "precision": 0.37417040954934166,
        "recall": 0.37930177661821346,
        "f1-score": 0.36653765283097445,
        "support": 8049.0
    }
}