{
    "DCIS_1": {
        "precision": 0.4584269662921348,
        "recall": 0.7090367428003972,
        "f1-score": 0.5568336907779294,
        "support": 2014.0
    },
    "DCIS_2": {
        "precision": 0.38724279835390946,
        "recall": 0.47549267306720566,
        "f1-score": 0.42685416194148335,
        "support": 1979.0
    },
    "Invasive_Tumor": {
        "precision": 0.3965626989178867,
        "recall": 0.312124248496994,
        "f1-score": 0.3493131483038968,
        "support": 1996.0
    },
    "Prolif_Invasive_Tumor": {
        "precision": 0.4665898617511521,
        "recall": 0.20300751879699247,
        "f1-score": 0.28292001397135874,
        "support": 1995.0
    },
    "accuracy": 0.4254759519038076,
    "macro avg": {
        "precision": 0.4272055813287708,
        "recall": 0.42491529579039733,
        "f1-score": 0.40398025374866714,
        "support": 7984.0
    },
    "weighted avg": {
        "precision": 0.42735612841788534,
        "recall": 0.4254759519038076,
        "f1-score": 0.4042913215927335,
        "support": 7984.0
    }
}